cid,text,time,author,channel,votes,replies,photo,heart,reply,time_parsed,clean,topic
Ugw2APWQ4_TqgbM4Xlh4AaABAg,this is guaranteed to keep people stuck in the past and not able to let go and move on.,vor 1 Jahr,@ArjunaJackson,UCKQs8X3QxiRWlS8XbXTYTFA,258,6,https://yt3.ggpht.com/usI7nJIo6lj0prOOD036PVnzm43ZSQNr3i8SUJBVYbdPNob9qEWkfG4QIAOR_Z7tLzKlzdMvaw=s88-c-k-c0x00ffffff-no-rj,False,False,1731406715.884244,this is guaranteed to keep people stuck in the past and not able to let go and move on,0
UgzlVq6zVImVxnyQ5ZN4AaABAg,"No, it could make the grieving process worse and leave people unable to deal with loss or accept reality.",vor 1 Jahr,@skylark1237,UCANRu8T_HKO96XcA4glmqZA,188,2,https://yt3.ggpht.com/ytc/AIdro_n8LDP5zMqUT9S1eCf6ce5_FyTliYrvSTNMJpUEr3I=s88-c-k-c0x00ffffff-no-rj,False,False,1731406715.892383,no it could make the grieving process worse and leave people unable to deal with loss or accept reality,0
UgyinvHQnO3yMyw8bdB4AaABAg,We are living in a black mirror episode.,vor 9 Monaten,@58rocKsErt1,UCHp8UCCFeHCG5t_mOWRStGQ,32,,https://yt3.ggpht.com/ytc/AIdro_nWb1yghKJ8-SceSTo1aKl6aifeCwRT9BNzb_7Er91FRhY=s88-c-k-c0x00ffffff-no-rj,False,False,1739355515.897558,we are living in a black mirror episode,2
UgwoImAwQT4ljgcNgl94AaABAg,This may not be healthy,vor 1 Jahr,@averageamericangirl6819,UC2aTKfLcNgjmQXKkDws10Uw,90,1,https://yt3.ggpht.com/ytc/AIdro_law9lQDSwoio5B_PCJ4mt4_0Yni9OWy6K9DgT_kMVDhVI=s88-c-k-c0x00ffffff-no-rj,False,False,1731406715.900538,this may not be healthy,1
UgwnN6IZI0DsWrR9zs54AaABAg,"If AI ended grief, that wouldn't speak well of what grief must be: an irrevocable loss.",vor 1 Jahr,@jps0117,UC4xTJlctOrJqqce3Cfthl_g,71,2,https://yt3.ggpht.com/ytc/AIdro_n-095R21h9D80vShhQZrEnkgTvMX8fT-AoavhXFXXoCg=s88-c-k-c0x00ffffff-no-rj,False,False,1731406715.904449,if ai ended grief that wouldnt speak well of what grief must be an irrevocable loss,0
Ugyox5sDWcQjmj7Sh9B4AaABAg,"""I wanna be able to continue having conversations with my mother""

Yeah I'm sure you do, but whether or not we should be able to do that is another question.

Maybe grief is an important part of the human experience. After all, what is grief, but love persevering?",vor 1 Jahr (bearbeitet),@TheGeneralDisarray,UCIIilTSh2JdvFg9MefDp9sg,102,,https://yt3.ggpht.com/iGeQYWUpFUMVdcA_c51R3zYYr9QlVQmYEQeyYpU8pTUTQPY662Ea7vXvIz_3Vr8YqM-TkgTW-zA=s88-c-k-c0x00ffffff-no-rj,False,False,1731406715.907488,i wanna be able to continue having conversations with my mother yeah im sure you do but whether or not we should be able to do that is another question maybe grief is an important part of the human experience after all what is grief but love persevering,0
Ugxfj58kURszBsydQEF4AaABAg,Instead of ending grief we should learn how to live with it,vor 1 Jahr (bearbeitet),@paddy654,UCKFup1VMiZjBM7BmADz9BCg,50,3,https://yt3.ggpht.com/ytc/AIdro_m0acipHgVB7N888ehPZcv41kBi2wKqwmtyzdpWuKk=s88-c-k-c0x00ffffff-no-rj,False,False,1731406715.910239,instead of ending grief we should learn how to live with it,0
UgyvtCAcH16Dy0mXnKN4AaABAg,"I didnt had the chance to talk to my father before the died, we hadnt spoken in a few years. Something I regreat. Not sure how I fell about it, talking to an AI, but I dont think It would help. Sometimes, I visit his resting place, talk a bit, clean it and leave. I think it helps",vor 1 Jahr,@spardakuz,UCap0O3ckvZ7jeWDQ-RO56AA,42,,https://yt3.ggpht.com/ytc/AIdro_nhoOi8Lhcr7w0l0Ur6N0ern1n6gqe49p8sDZDsXjKezsAllwS3frRAi1p45L_qVDrCfQ=s88-c-k-c0x00ffffff-no-rj,True,False,1731406715.912968,i didnt had the chance to talk to my father before the died we hadnt spoken in a few years something i regreat not sure how i fell about it talking to an ai but i dont think it would help sometimes i visit his resting place talk a bit clean it and leave i think it helps,0
Ugz3MqKa11-L0HCq5Qh4AaABAg,"This guy needs therapy, not an AI mum. It‚Äôs sad he can‚Äôt let go.",vor 1 Jahr,@ActualDav,UCMP8l1a8a7tsykkS_eeUCpA,43,,https://yt3.ggpht.com/ytc/AIdro_kRbctzinH_cfz4pVHHIOlSwY7Yd9mt2xZvDtQhMX7Tvg=s88-c-k-c0x00ffffff-no-rj,False,False,1731406715.917125,this guy needs therapy not an ai mum it‚Äôs sad he can‚Äôt let go,0
UgwLYrAtX2-TTENSQ7l4AaABAg,"Yay, the weighted average of my loved one's utterances, one prompt glitch away from screaming for a million years in compressed time while I make a cup of coffee, then try to sell me a capsule-based coffee maker because how else would one pay for the cpu time?",vor 1 Jahr,@GoranZec,UCirHT43c9DBmzEwJm9eAHfQ,20,1,https://yt3.ggpht.com/0WtQxihz_yA3qyjfQf_YNRIw8JGVCEawjYsEZgC0JLh29eKpVziyyqcrJdtVtqUXNrGNLnpdbg=s88-c-k-c0x00ffffff-no-rj,False,False,1731406715.921295,yay the weighted average of my loved ones utterances one prompt glitch away from screaming for a million years in compressed time while i make a cup of coffee then try to sell me a capsulebased coffee maker because how else would one pay for the cpu time,0
UgzkeLTRZLGC4CYOWQh4AaABAg,"He hasn't dealt with it, has he?",vor 1 Jahr,@juffjaff,UCQzqAAWU39yMok5Yd9j0VZA,19,,https://yt3.ggpht.com/ytc/AIdro_lp5rj-SnlRcnmXvbae-lW1mbc2KHW0EVN7cbapFgvm1A=s88-c-k-c0x00ffffff-no-rj,False,False,1731406715.924238,he hasnt dealt with it has he,0
UgypIEjS16BZ1ZDB5wJ4AaABAg,"The greater the love, the greater the grief.",vor 8 Monaten,@ShortCanuck,UC7XVIvoDjnGTXQnoHX75Flw,9,,https://yt3.ggpht.com/ytc/AIdro_ln-9HYXgytSDFQbDRDb_rgH6bzytH6hE2dknWeVZrk6K8go1x19Eeds3jB779sjKtoDw=s88-c-k-c0x00ffffff-no-rj,False,False,1741774715.928084,the greater the love the greater the grief,0
UgwCffZQdlEq5hMUILN4AaABAg,Vomit. This is the definition of uncanny valley. A photograph does not talk and that is just fine.,vor 1 Jahr,@simontemplar404,UCWl2q2yK2Xc_TCY85pFsetA,18,1,https://yt3.ggpht.com/qLFJbErlVSQvBxctF4rLIDZK5AK4rFXbRlRsFdKjE5ayPCLZKGnvGETPEg8eWnbjhKO_ufNcpfg=s88-c-k-c0x00ffffff-no-rj,False,False,1731406715.93167,vomit this is the definition of uncanny valley a photograph does not talk and that is just fine,0
UgwGhnoIWdwn4weDF5d4AaABAg,As a person who has been through many losses in the past 5 years.... its a hard no.,vor 1 Jahr,@nutmegsonuttz8854,UCp_tNv5_8z6x5wvwVju3IfA,5,,https://yt3.ggpht.com/ytc/AIdro_mQPSrH_ciG7qqWxXbvLdt-yOWg8iIxIJ94kZavog4xQVh7F-Pwyaiwm5oLdrxwNC7pVw=s88-c-k-c0x00ffffff-no-rj,False,False,1731406715.936729,as a person who has been through many losses in the past 5 years its a hard no,0
Ugy0CA5T6b29MruYmc54AaABAg,"My first reaction after viewing the video was the same reaction I had when I first heard the term ""clone"" years ago - I think in a movie where someone had lost a child and decided to clone theirs. That thought repelled me intensely, it didn't feel right because nothing, no matter the advances made, could never really be my unpredictable, sweet, strong, funny little Mikey, except him himself.  My initial reaction was that nothing could or would ever replace the grief I still carry in my heart and soul for my child who I miss with every breath I take. 

But I‚Äôve always been one who approaches life from multiple angles, from multiple perspectives, and I also know well that a picture, video or memory of my Mikey now is salve to my soul - I often laugh and smile at the same memories which previously flattened me for days with tears‚Ä¶..

‚Ä¶.and hearing someone else mention his name - or talking about what an impact my baby boy had on their life during his too short one here on earth, all of that is like a huge bandage on the ache of missing him so much‚Ä¶.

‚Ä¶.because they are affirmations that even although I don‚Äôt see him each day now. That I feel him still with me 24/7 over 24 years later, that he was once here, my beautiful golden little boy‚Ä¶..that he lived life fully, always smiled, laughed, played and who was also the mastermind behind some very memorable and funny pranks played upon his Mommy!¬†

And every one of those affirmations places a huge warm loving bandage on the pain of his loss. 

So, I can see both sides, I think. I understand this mans reasons for doing what he did and I would guess that a decision like this would need to be a very individual and personal decision, and one based upon a persons own experiences and also at what level of grief they have reached after that loss.

And after watching this, I have to wonder - what‚Äôs next? That someone who suffered a messy break-up that broke their heart has the ability to recreate the ‚Äúessence‚Äù of that person they broke up with - to spare the broken hearted that heartbreak?¬†Is this technology nothing but a virtual teddy bear to comfort us and cause us to not feel what we as humans should be feeling?

Grief stems from great love and it‚Äôs an inevitable part of that love, in my eyes‚Ä¶‚Ä¶and I personally, couldn‚Äôt do this myself - not under any circumstances - but I do know folks who probably would welcome this technology and to each their own! I respect everyones own choices. Those are choices they have to live with, not I. I have to live with my own. 

But I have to ask, what happens when the network goes out, if there is a malfunction and this cannot be accessed. Grief would follow - it‚Äôs a natural human emotion, and I would think it would be almost as devastating as the original loss‚Ä¶.

This feels like yet another something to cause us to not feel what we should naturally be feeling as humans; and if we can‚Äôt feel, we can‚Äôt grow as humans.¬†

Only my opinion, as always, but I don‚Äôt see any end of grief, because that would be the end of love!",vor 1 Jahr,@branchesfound,UCrGih02xPLYE2wcAhc4VnjA,22,5,https://yt3.ggpht.com/c3Mi3rjsirHNdojXQsaittAfFeQr8fVoYYkMIS8fda1eaCi_aXOdbFpU1nbG6qB1VVpgoBEwaeo=s88-c-k-c0x00ffffff-no-rj,False,False,1731406715.940646,my first reaction after viewing the video was the same reaction i had when i first heard the term clone years ago i think in a movie where someone had lost a child and decided to clone theirs that thought repelled me intensely it didnt feel right because nothing no matter the advances made could never really be my unpredictable sweet strong funny little mikey except him himself my initial reaction was that nothing could or would ever replace the grief i still carry in my heart and soul for my child who i miss with every breath i take but i‚Äôve always been one who approaches life from multiple angles from multiple perspectives and i also know well that a picture video or memory of my mikey now is salve to my soul i often laugh and smile at the same memories which previously flattened me for days with tears‚Ä¶ ‚Ä¶and hearing someone else mention his name or talking about what an impact my baby boy had on their life during his too short one here on earth all of that is like a huge bandage on the ache of missing him so much‚Ä¶ ‚Ä¶because they are affirmations that even although i don‚Äôt see him each day now that i feel him still with me 247 over 24 years later that he was once here my beautiful golden little boy‚Ä¶that he lived life fully always smiled laughed played and who was also the mastermind behind some very memorable and funny pranks played upon his mommy and every one of those affirmations places a huge warm loving bandage on the pain of his loss so i can see both sides i think i understand this mans reasons for doing what he did and i would guess that a decision like this would need to be a very individual and personal decision and one based upon a persons own experiences and also at what level of grief they have reached after that loss and after watching this i have to wonder what‚Äôs next that someone who suffered a messy breakup that broke their heart has the ability to recreate the ‚Äúessence‚Äù of that person they broke up with to spare the broken hearted that heartbreak is this technology nothing but a virtual teddy bear to comfort us and cause us to not feel what we as humans should be feeling grief stems from great love and it‚Äôs an inevitable part of that love in my eyes‚Ä¶‚Ä¶and i personally couldn‚Äôt do this myself not under any circumstances but i do know folks who probably would welcome this technology and to each their own i respect everyones own choices those are choices they have to live with not i i have to live with my own but i have to ask what happens when the network goes out if there is a malfunction and this cannot be accessed grief would follow it‚Äôs a natural human emotion and i would think it would be almost as devastating as the original loss‚Ä¶ this feels like yet another something to cause us to not feel what we should naturally be feeling as humans and if we can‚Äôt feel we can‚Äôt grow as humans only my opinion as always but i don‚Äôt see any end of grief because that would be the end of love,0
UgxicbChtTca7GFJ6lx4AaABAg,"Nice. So that means that i dont have to spend time with my grandma before she dies. I'll just talk to the computer afterwords. If it starts conplaining why i disnt spend time with her, i'll program it to understand. Win win.",vor 1 Jahr,@pillow4casestudies,UCyeuNIifxIjrAaItS7mG6Lw,19,1,https://yt3.ggpht.com/ytc/AIdro_nruHRIXqnTRG3egG2t4ShfgmpFnciC4n60uykZK6TriVUBqHavkRjrTaPCYy8Uydj6wA=s88-c-k-c0x00ffffff-no-rj,False,False,1731406715.943493,nice so that means that i dont have to spend time with my grandma before she dies ill just talk to the computer afterwords if it starts conplaining why i disnt spend time with her ill program it to understand win win,0
UgzlisMpaDgoaKpx2414AaABAg,this is straight out of an asimov story. nightmare stuff. scifi at times exists as a warning on what not to do with the future of technology,vor 1 Jahr,@disasterarea9341,UCwLWMdW9lkD3WYvK-Na6XoA,12,,https://yt3.ggpht.com/qTvdV1nF8gTJqRLjmMZCSEPFEw4H-h7GhIXBXzJsNG7kHcg2RXABtGnMsXXnyJmbDsDCmeFS4uQ=s88-c-k-c0x00ffffff-no-rj,False,False,1731406715.946287,this is straight out of an asimov story nightmare stuff scifi at times exists as a warning on what not to do with the future of technology,0
Ugw-VyoWasc4rmsCXyt4AaABAg,This feels like a dystopian science fiction movie. Seriously. Just let people healthily move on from grief instead of fooling themselves by talking to an AI that superficially acts like their loved one while knowing deep down that it‚Äôs just a copy.,vor 9 Monaten,@Thepaleone-b1r,UChLabj_pxiat6e3b-2PVGtA,9,,https://yt3.ggpht.com/ZSRYwdZ5d13rMahfPz_LWyD5ePtjt7wbwURQ6qTitu0NxtKIgiDBGMLpdX3dplXOx0tQlakwQg=s88-c-k-c0x00ffffff-no-rj,False,False,1739355515.950586,this feels like a dystopian science fiction movie seriously just let people healthily move on from grief instead of fooling themselves by talking to an ai that superficially acts like their loved one while knowing deep down that it‚Äôs just a copy,0
UgxbVS8Dje6OpRuR9UV4AaABAg,Black mirror already did this. Can't remember how the episode ended.,vor 1 Jahr,@TheGeneralDisarray,UCIIilTSh2JdvFg9MefDp9sg,24,6,https://yt3.ggpht.com/iGeQYWUpFUMVdcA_c51R3zYYr9QlVQmYEQeyYpU8pTUTQPY662Ea7vXvIz_3Vr8YqM-TkgTW-zA=s88-c-k-c0x00ffffff-no-rj,False,False,1731406715.955439,black mirror already did this cant remember how the episode ended,2
UgyoHE59K3nfSi-tAOR4AaABAg,"5:56 ""Today I am calling out her obvious bullshit by getting her to connect to someone who isn't dead, but is on a yacht in Mexico.""",vor 1 Jahr,@WhitbyStuff,UCon9J_SD_rPja5_MeSu9l0w,6,,https://yt3.ggpht.com/ytc/AIdro_nqsJ68jENeFhCZCOS_SuKoYTUyUVyt4F0LonHhxOkhYhI=s88-c-k-c0x00ffffff-no-rj,False,False,1731406715.960061,556 today i am calling out her obvious bullshit by getting her to connect to someone who isnt dead but is on a yacht in mexico,0
Ugw2APWQ4_TqgbM4Xlh4AaABAg.A8lOB3TGm83A8s49RrMrej,Good thought,vor 1 Jahr,@user-op9mv5lq1u,UCTf4ISxQn4Zt0xa-reQ6g2A,5,,https://yt3.ggpht.com/ytc/AIdro_l-sTb0TDAUjJSzXF0YMIxm-GPOSJ-JBJhTfq0RFjZ6wBnYWdvZDSMmBi5u9Ay9p1Dp1Q=s88-c-k-c0x00ffffff-no-rj,False,True,1731406716.199463,good thought,1
Ugw2APWQ4_TqgbM4Xlh4AaABAg.A8lOB3TGm83ADr26VckT2j,üéØ,vor 9 Monaten,@igigi6392,UC01ZzA-ww7ReplH2w0zYaSg,1,,https://yt3.ggpht.com/ytc/AIdro_nZWf7q1-_EOgnuOb1EJvaNT5cKmGWkcCQPILsVj7PMFmLw5JvSMl_dBznd044zzm-VKQ=s88-c-k-c0x00ffffff-no-rj,False,True,1739355516.205837,üéØ,1
Ugw2APWQ4_TqgbM4Xlh4AaABAg.A8lOB3TGm83AGk1gdOX6fG,"Respectfully I disagree, not everyone grieves the same and who's to say they'd all be stuck. They may be able to help people grieve, to let go in the time they need. Technology like this will only advance.",vor 7 Monaten,@Aliyah_666,UCB2jS7xzHr3nkDoZBDawSsA,1,,https://yt3.ggpht.com/haY6RCBiZ9rMnzE-3eUYB4_oFNDty90jyt6rtP0WffSZnBhofCnpGkxxc5yZ9UwAg3HKC0LhOA=s88-c-k-c0x00ffffff-no-rj,False,True,1744449516.209909,respectfully i disagree not everyone grieves the same and whos to say theyd all be stuck they may be able to help people grieve to let go in the time they need technology like this will only advance,0
Ugw2APWQ4_TqgbM4Xlh4AaABAg.A8lOB3TGm83AKmONmZbIKl,Is nothing sacred anymore?,vor 3 Monaten,@IndanancgirfretT,UCUZxU553jx1UFxwb5K5D2Qg,0,,https://yt3.ggpht.com/ytc/AIdro_nhZbF6KyS20xqBOxCQssP4k_DsHpTo75iLAxJBEBVoA29uk0fv5cejdx87SOdmd9rZAw=s88-c-k-c0x00ffffff-no-rj,False,True,1754990316.213519,is nothing sacred anymore,0
Ugw2APWQ4_TqgbM4Xlh4AaABAg.A8lOB3TGm83AKmOSeY2Nqs,"Btw,I watched one minute before OFF!",vor 3 Monaten,@IndanancgirfretT,UCUZxU553jx1UFxwb5K5D2Qg,0,,https://yt3.ggpht.com/ytc/AIdro_nhZbF6KyS20xqBOxCQssP4k_DsHpTo75iLAxJBEBVoA29uk0fv5cejdx87SOdmd9rZAw=s88-c-k-c0x00ffffff-no-rj,False,True,1754990316.21708,btwi watched one minute before off,2
Ugw2APWQ4_TqgbM4Xlh4AaABAg.A8lOB3TGm83ALcClqNEbmO,I agree,vor 3 Monaten,@reddawn5297,UCMP8SZRFXFiTfNt5rhg158A,0,,https://yt3.ggpht.com/ytc/AIdro_n1u3A3mFiDfR8OMo8uEy6ItnyJiUFcO8P_4rij0FQ=s88-c-k-c0x00ffffff-no-rj,False,True,1754990316.223181,i agree,1
UgzlVq6zVImVxnyQ5ZN4AaABAg.A8lKFPEZ5gWA8ldCiin1yL,Exactly. Its as awful as mediumship. 5:45 hope you didn't pay her for that bollards.,vor 1 Jahr,@TheStevenWhiting,UCSJ1fZten9RreoKXJIVCZSA,9,,https://yt3.ggpht.com/_6BWYwr3u2IkYfDLflT5wBlVzPf2RT7TjPB2CsLRpJE5J2b0dRbq0nMI919I291uFsDeWn6ZXg=s88-c-k-c0x00ffffff-no-rj,False,True,1731406716.452863,exactly its as awful as mediumship 545 hope you didnt pay her for that bollards,-1
UgzlVq6zVImVxnyQ5ZN4AaABAg.A8lKFPEZ5gWA8ltMmeEvkz,Exactly.  Thank you.,vor 1 Jahr,@TheRibofJESUS,UCYTfTfGfw8AUmecfOEUjCXw,5,,https://yt3.ggpht.com/1XpaMzRi_goei-RPxqU84Wy5ZstvxfOqcwvOiUS_OClXaRm8-oTnvgiCKKCgDDWa92fVbfUVzA=s88-c-k-c0x00ffffff-no-rj,False,True,1731406716.456278,exactly thank you,1
UgwoImAwQT4ljgcNgl94AaABAg.A8lJtTZUZGcAF3-7L1YJjV,Agreed. What's even sadder is that someone will likely continue this line of research to profit off grief.,vor 8 Monaten,@stephaniem3144,UC0u-S-ADOQz5jipdqgBxZwQ,3,,https://yt3.ggpht.com/qz58bh9UPFjqzqV0qxE4-U5Jk25P4TRQ-NjXuO0YK9xctpInMcTErQNqLs-NBE6M_XLdJXlHMuU=s88-c-k-c0x00ffffff-no-rj,False,True,1741774716.66966,agreed whats even sadder is that someone will likely continue this line of research to profit off grief,0
UgwnN6IZI0DsWrR9zs54AaABAg.A8lK64HFHOlA8lp8dXVYUE,"¬†@richardduplessis1090¬† For the benefit of others, I'd like to highlight you are probably being sarcastic.",vor 1 Jahr,@republicofsandles,UCw6wuf_LoIpEOx_AltBUKXg,1,,https://yt3.ggpht.com/ytc/AIdro_netrf7oqw221RtdxebYGxKRUHkphgVPjISt5huz_TtwQ=s88-c-k-c0x00ffffff-no-rj,False,True,1731406716.889808,richardduplessis1090 for the benefit of others id like to highlight you are probably being sarcastic,-1
UgwnN6IZI0DsWrR9zs54AaABAg.A8lK64HFHOlA8lresG860B,"¬†@richardduplessis1090¬† Please forgive me, I meant to say that I thought you were saying that some things are more important than maximising productivity.
Which I would agree with.",vor 1 Jahr (bearbeitet),@republicofsandles,UCw6wuf_LoIpEOx_AltBUKXg,2,,https://yt3.ggpht.com/ytc/AIdro_netrf7oqw221RtdxebYGxKRUHkphgVPjISt5huz_TtwQ=s88-c-k-c0x00ffffff-no-rj,False,True,1731406716.896982,richardduplessis1090 please forgive me i meant to say that i thought you were saying that some things are more important than maximising productivity which i would agree with,0
Ugxfj58kURszBsydQEF4AaABAg.A8lhqjgcJ8uAA_qNMFlrZu,Interesting concept.,vor 1 Jahr,@theGuardian,UCHpw8xwDNhU9gdohEcJu4aA,2,,https://yt3.ggpht.com/nic8lu6MJQg0LQ093PiOfzrCd4e6BefWdO92sbOgTO_dCkZfWfVbH4_shpUDRe-tuPYeeeav6Q=s88-c-k-c0x00ffffff-no-rj,False,True,1731406717.125711,interesting concept,-1
Ugxfj58kURszBsydQEF4AaABAg.A8lhqjgcJ8uAEDW4qpW6rY,"¬†@theGuardian¬† 'interesting concept', are you using AI to respond to comments now guardian?",vor 9 Monaten,@TheEvilpot,UC3vi-b62uE4Mc2L7ulJDnpg,23,,https://yt3.ggpht.com/ytc/AIdro_kijfUMuVED234DMluwYqm3LdAbYoK4tfuxE9J9-uvALA=s88-c-k-c0x00ffffff-no-rj,False,True,1739355517.131836,theguardian interesting concept are you using ai to respond to comments now guardian,0
Ugxfj58kURszBsydQEF4AaABAg.A8lhqjgcJ8uAF0fvx0P3iv,¬†@TheEvilpot¬† Interesting concept.,vor 8 Monaten,@brindlekintales,UC3GdMkXtj2Usugp4r7XHo7w,2,,https://yt3.ggpht.com/ytc/AIdro_lH70jCRzpP3yqyGlZZVFYPW5btbzxj5e4HB-GS8KJ_tZo=s88-c-k-c0x00ffffff-no-rj,False,True,1741774717.136122,theevilpot interesting concept,0
UgwLYrAtX2-TTENSQ7l4AaABAg.A8lR-QvDjL0A8lUppb7kA1,Explain,vor 1 Jahr,@zcorpalpha2462,UCcJUVm3Fj8VjgcQ69hZV7oQ,1,,https://yt3.ggpht.com/dEt5Puodhmqcw_ApmyMAJckxczBDQtrMTaFRzzy8QUjzjumFVEQgD5OwJZr7Jfoc_mISbrcR=s88-c-k-c0x00ffffff-no-rj,False,True,1731406717.354874,explain,1
UgwCffZQdlEq5hMUILN4AaABAg.A8lT2TQOl55A8qyqAKaTRc,¬†@Robespierre-II¬†  Don't look at them. Problem solved.,vor 1 Jahr,@simontemplar404,UCWl2q2yK2Xc_TCY85pFsetA,0,,https://yt3.ggpht.com/qLFJbErlVSQvBxctF4rLIDZK5AK4rFXbRlRsFdKjE5ayPCLZKGnvGETPEg8eWnbjhKO_ufNcpfg=s88-c-k-c0x00ffffff-no-rj,False,True,1731406717.583214,robespierreii dont look at them problem solved,0
Ugy0CA5T6b29MruYmc54AaABAg.A98GWqyKwz6ACe2gfYI0CL,I hope you have found peace. Mikey sounds wonderful.,vor 10 Monaten,@CheapFanEpisodes,UCcAjRfDoqMKmv9GI3hl9flw,5,,https://yt3.ggpht.com/CpMg2zFnbpk4w7f__RWL2VXkzlruOR8JQgUUuYdh-Yf2YnGS1uqPWx9YS6z5ht6ybeem3VFa=s88-c-k-c0x00ffffff-no-rj,False,True,1736677117.849675,i hope you have found peace mikey sounds wonderful,0
Ugy0CA5T6b29MruYmc54AaABAg.A98GWqyKwz6ADaY5r0Sd-Z,"This was very profound, and beautiful. Thank you for sharing.",vor 9 Monaten,@leeson865,UCynlhJJmQYL1Gn7rSuQ76kw,3,,https://yt3.ggpht.com/ytc/AIdro_mec7FyEJtmO6x7y_g_VyEnoxSaYW7DGQ6T8f7DVw1Oqw=s88-c-k-c0x00ffffff-no-rj,False,True,1739355517.855103,this was very profound and beautiful thank you for sharing,-1
Ugy0CA5T6b29MruYmc54AaABAg.A98GWqyKwz6AE9k_AMU856,"My sympathies. I, too, lost a child. You spoke so well about your Mikey and grief. I think losing a child is a special kind of grief. We aren‚Äôt meant to live beyond our children‚Äôs lives. We can accept our parents‚Äô deaths (maybe‚Ä¶) because we know our whole lives that they will die before us. But we never expect our children to die before us. My girl would be 16 now and I remember every moment with her and I think of the milestones she would be hitting if she had lived. It‚Äôs very hard.",vor 9 Monaten,@SharynS.,UCjHg7TEIn0Tghdc3vEwTD9w,6,,https://yt3.ggpht.com/7nzDaYjpmNMdGI2O4lXH4mxTOEQji1XGvreGPMpdio1kNmEttA2QbphlyrRf2MrAYnJCx5kRtqA=s88-c-k-c0x00ffffff-no-rj,False,True,1739355517.859644,my sympathies i too lost a child you spoke so well about your mikey and grief i think losing a child is a special kind of grief we aren‚Äôt meant to live beyond our children‚Äôs lives we can accept our parents‚Äô deaths maybe‚Ä¶ because we know our whole lives that they will die before us but we never expect our children to die before us my girl would be 16 now and i remember every moment with her and i think of the milestones she would be hitting if she had lived it‚Äôs very hard,0
Ugy0CA5T6b29MruYmc54AaABAg.A98GWqyKwz6AESvi4e3G6E,You are doing just fine. Well done,vor 8 Monaten,@arturomestanza,UCnJHUZYISt4J4icB-YPMYpQ,1,,https://yt3.ggpht.com/ytc/AIdro_mVNELMTfzQGQAEDIGpV_2beRjgfODpbGdmZCgac5Gc8bw=s88-c-k-c0x00ffffff-no-rj,False,True,1741774717.865549,you are doing just fine well done,1
Ugy0CA5T6b29MruYmc54AaABAg.A98GWqyKwz6ALcJBv4IBSe,"‚Äã¬†@SharynS.¬†I think all this interference in NATURE and human experience is gross and dangerous. I know exactly what grief is. I wish all this interference in our personal lives,our very personal experiences would stop. It is wrong,on so many levels,it's frightening. Leave us alone.",vor 3 Monaten,@IndanancgirfretT,UCUZxU553jx1UFxwb5K5D2Qg,0,,https://yt3.ggpht.com/ytc/AIdro_nhZbF6KyS20xqBOxCQssP4k_DsHpTo75iLAxJBEBVoA29uk0fv5cejdx87SOdmd9rZAw=s88-c-k-c0x00ffffff-no-rj,False,True,1754990317.869823,‚Äã sharyns i think all this interference in nature and human experience is gross and dangerous i know exactly what grief is i wish all this interference in our personal livesour very personal experiences would stop it is wrongon so many levelsits frightening leave us alone,0
UgxicbChtTca7GFJ6lx4AaABAg.A8lPtBiWJF2A90JG59L8qW,üòÇüòÇ,vor 1 Jahr,@EonSound,UC8g0oVZqXy9Ydhqn-ZbX7Wg,0,,https://yt3.ggpht.com/HUj9vXNL2YI_m5Ou2ymlvTxjRDTuy8ucFfvY1qBEtNQ2UfrDTO7l7AExm9i-WIYF-wcaciERRg=s88-c-k-c0x00ffffff-no-rj,False,True,1731406718.154467,üòÇüòÇ,1
UgxbVS8Dje6OpRuR9UV4AaABAg.A8lKNCoVyDyA8lR_I3a9GT,They couldn‚Äôt let go in the end either. Something about this feels sad and scary but also understandable at the same time‚Ä¶,vor 1 Jahr,@notmyrealaccount8564,UCQTnN5sxaeLir_bOeZUeYbw,3,,https://yt3.ggpht.com/ytc/AIdro_nkN5UQBhUvMnHQ7LMxrDeMwiSGFhyWLe6hjum2eWZDLqo=s88-c-k-c0x00ffffff-no-rj,False,True,1731406718.453717,they couldn‚Äôt let go in the end either something about this feels sad and scary but also understandable at the same time‚Ä¶,0
UgxbVS8Dje6OpRuR9UV4AaABAg.A8lKNCoVyDyA8lS8bFiPhl,Hint: it didn't end well,vor 1 Jahr,@LateNightGhost,UCP5IWFV_mqCP4p8TOBGwL6g,7,,https://yt3.ggpht.com/ytc/AIdro_mvoxb0ok7qkKkxGMPUWHAQJDUdzDoKrLYBstEFgykF3w=s88-c-k-c0x00ffffff-no-rj,False,True,1731406718.459025,hint it didnt end well,2
UgxbVS8Dje6OpRuR9UV4AaABAg.A8lKNCoVyDyA8lcMro2WuL,What is black mirror?,vor 1 Jahr,@Copawany7171,UCCl4rhFC9OG8rdWV1rlQAhg,0,,https://yt3.ggpht.com/ytc/AIdro_lxBKZTKoIThaCc5IaF5AbzV7srycuqTms8nb16LqSCtQw=s88-c-k-c0x00ffffff-no-rj,False,True,1731406718.462164,what is black mirror,2
UgxbVS8Dje6OpRuR9UV4AaABAg.A8lKNCoVyDyA8z1pGUjNJh,Be Right Back,vor 1 Jahr,@EdwardKempton,UCypdAOHTKV8CYppI9EjcFsA,6,,https://yt3.ggpht.com/ytc/AIdro_mvv2ZCuy_CkgRwPSACecxPaGUqRMjUccEtG16VnY0a4gv7=s88-c-k-c0x00ffffff-no-rj,False,True,1731406718.465938,be right back,1
UgxbVS8Dje6OpRuR9UV4AaABAg.A8lKNCoVyDyAE5dyIEGEWC,"Spoilers: It ended by her trying to get the robot to shut itself off via one big drop on a rock in the ocean, and then not being able to really live with her decision to do that, and then a cut to x-years later. So instead she locked it in the attic and only lets her daughter visit it on her birthday.",vor 9 Monaten,@guacamolen,UCHCgc9_AKOo3MTLqV9LQ8qA,2,,https://yt3.ggpht.com/ytc/AIdro_mgeLPZgO6y-evnxfCmKFqPpanJ5yWaynAKVrZi_wwupEU=s88-c-k-c0x00ffffff-no-rj,False,True,1739355518.475201,spoilers it ended by her trying to get the robot to shut itself off via one big drop on a rock in the ocean and then not being able to really live with her decision to do that and then a cut to xyears later so instead she locked it in the attic and only lets her daughter visit it on her birthday,2
UgxbVS8Dje6OpRuR9UV4AaABAg.A8lKNCoVyDyAEDW9dbJaq5,¬†@Copawany7171¬† tv show,vor 9 Monaten,@TheEvilpot,UC3vi-b62uE4Mc2L7ulJDnpg,2,,https://yt3.ggpht.com/ytc/AIdro_kijfUMuVED234DMluwYqm3LdAbYoK4tfuxE9J9-uvALA=s88-c-k-c0x00ffffff-no-rj,False,True,1739355518.714907,copawany7171 tv show,2
UgzpEJzLxOn18w2zz7N4AaABAg,This is literally a black mirror episode,vor 1 Jahr,@cathyboothman5335,UC28heU3sgtzKZyHdTI5b6gw,7,,https://yt3.ggpht.com/ytc/AIdro_mX3u0MQZXr-wFEuAm3YHt_fg8hqhGeDFrLrP-CKeJlJL5T=s88-c-k-c0x00ffffff-no-rj,False,False,1731406719.027057,this is literally a black mirror episode,2
UgxRNdlVcdRSdBYbOnB4AaABAg,"My dad has been dead since 1981 I was only a child when he died suddenly. Iv never been able to deal with it, it‚Äôs like I‚Äôm stuck age 4, I can‚Äôt remember his voice there‚Äôs no footage of him. Hardly any pics. Wonder if I could have a conversation with him maybe it would help. Iv done no send letters, things like that but it‚Äôs as tho he died yesterday sometimes. 
Wow I need to go to the ceremony like this man. 
Loosing a chill is horrendous and no one should ever have to loose a child üòûüò¢",vor 8 Monaten,@tracygiven2984,UC4yrkh61W0RTshbw8ktmPnA,4,,https://yt3.ggpht.com/ytc/AIdro_kMnJF3T7SS7qIDi_Y-CHRJBN5owFw-SOWX64-hhGu-jQU=s88-c-k-c0x00ffffff-no-rj,False,False,1741774719.032212,my dad has been dead since 1981 i was only a child when he died suddenly iv never been able to deal with it it‚Äôs like i‚Äôm stuck age 4 i can‚Äôt remember his voice there‚Äôs no footage of him hardly any pics wonder if i could have a conversation with him maybe it would help iv done no send letters things like that but it‚Äôs as tho he died yesterday sometimes wow i need to go to the ceremony like this man loosing a chill is horrendous and no one should ever have to loose a child üòûüò¢,0
Ugy78e4gLNF2_pMdKdF4AaABAg,"When we gone we gone. AI is'n't the solution. Look at photos, videos. Cherish your memories. Authentic and real.",vor 1 Jahr,@gazroach9019,UCFBOntXFS4-6JbaNXeap41Q,36,,https://yt3.ggpht.com/nlC-Wjx9Uouwup9TMx8_buvir3LKdbaGqbo-jzFWwtQArUslh35ggaGtLX2rstmpuH2xKhaA=s88-c-k-c0x00ffffff-no-rj,False,False,1731406719.03634,when we gone we gone ai isnt the solution look at photos videos cherish your memories authentic and real,0
Ugxe8ACqnrFm0lDmU-54AaABAg,"This isn't ending grief, it's ghoulishly exploiting it.",vor 1 Jahr,@Macrochenia,UC_OvQx3zsHF4JI7NqAKHBMw,10,1,https://yt3.ggpht.com/ytc/AIdro_k2mh911tQLrkRI5LTzx9DUW1OtXnx6LFbqiVXpGKE=s88-c-k-c0x00ffffff-no-rj,False,False,1731406719.040324,this isnt ending grief its ghoulishly exploiting it,0
UgwVQPbkJYls1z4uEAh4AaABAg,I see this as a symptom of our 'modern' selfish nature - our desire to not suffer in any way and to have everything because we think we deserve it. We have a part to play in life and we can make an impact both positively and negatively but when that part ends it's also part of that journey. Trying to redefine the fundamentals of our existence is likely to lead to all sorts of other issues.,vor 8 Monaten,@fishfullness,UCp2RodSxBOFERXgCWJPQdEA,4,,https://yt3.ggpht.com/ytc/AIdro_l1FyhcNpYshC0PGMzgUK3Qjs43hYzhCzRBm1SOlGk=s88-c-k-c0x00ffffff-no-rj,False,False,1741774719.046515,i see this as a symptom of our modern selfish nature our desire to not suffer in any way and to have everything because we think we deserve it we have a part to play in life and we can make an impact both positively and negatively but when that part ends its also part of that journey trying to redefine the fundamentals of our existence is likely to lead to all sorts of other issues,0
Ugxi4nHvbEiprw8Xxhd4AaABAg,This is a black mirror episode.,vor 1 Jahr,@me-kl5yp,UCUL3HC5-9BohR1w0eMkFFYg,10,,https://yt3.ggpht.com/ytc/AIdro_mM2O1AR0WH-N32XRouTlQK9N9i1SbuDdWvWWdwuEg=s88-c-k-c0x00ffffff-no-rj,False,False,1731406719.052464,this is a black mirror episode,2
UgzRLalu5GC3K27S8rl4AaABAg,"I would love this, I lost my mum in 2017 and would love to hear her voice again ü•≤",vor 11 Monaten,@ratsochicknlove,UC0TGHJ428T1ZemwPJw1HdSw,2,,https://yt3.ggpht.com/ytc/AIdro_n1gnV8YWSkijIcR2D03PhOFE0WsT0ejdA_fEIZM7iCpw=s88-c-k-c0x00ffffff-no-rj,False,False,1733998719.056737,i would love this i lost my mum in 2017 and would love to hear her voice again ü•≤,0
UgyTZErgv4G7oByYcPN4AaABAg,This is nightmare fuel,vor 8 Monaten,@roxyredrose1,UC7m2yeNvbbqp3QmvjF3gYGw,3,,https://yt3.ggpht.com/wxbS9Q2DClq5sEN373xyA8F9JdUpDKj_wN5zZwY0E8DU1qYBOVJsPXGJsPTqT68nof3Ipa-5Ug=s88-c-k-c0x00ffffff-no-rj,False,False,1741774719.061074,this is nightmare fuel,1
UgzyDP1CagAGTSv5PtR4AaABAg,Charlie Brooker is an actual visionary,vor 9 Monaten,@justmongezi,UC2DEE8W-XysKaywDgrEy4Wg,3,,https://yt3.ggpht.com/emZ927bool9knedAug-Td8lDNMMiuoYIt0UtVSFkJwnFPUMDIEcIjr45LnxoNWiBlQDqdFwlYw=s88-c-k-c0x00ffffff-no-rj,False,False,1739355519.065236,charlie brooker is an actual visionary,-1
Ugye7vGZ8VxFhqbLHyJ4AaABAg,Could be useful in the correct conditions for people who have mental/emotional difficulties. However also potentially dangerous.,vor 8 Monaten,@Snufflegrunt,UC50SwcqEu6Kxbxe6z8SY_hw,3,,https://yt3.ggpht.com/lJo2w1ZosPnuAUHaWJEOMptBsgaG8sdfWyCEhRV6ObebgMdvpVPXKlrZU9LiDrT-p6FYKl3BgQ=s88-c-k-c0x00ffffff-no-rj,False,False,1741774719.073666,could be useful in the correct conditions for people who have mentalemotional difficulties however also potentially dangerous,0
UgzsTYnfVgJW53t3AA14AaABAg,All my nopes.,vor 1 Jahr,@Daemonik,UCFtKijA5jzzizLf1m4cuJ8g,8,,https://yt3.ggpht.com/ytc/AIdro_llHKKgSJgFx-hVp2h0OnslLvQhGBmqylxpXb5s8_A=s88-c-k-c0x00ffffff-no-rj,False,False,1731406719.076749,all my nopes,1
UgxuN7E4iBZgIQqjG4N4AaABAg,"There's so damn many questions I NEED answers to...from my mom and my husband . They say we are predictable but what I need are honest answers about their thoughts n motives , intentions but I bet that's not as predictable.",vor 1 Jahr,@angelicamichelle1646,UCgsRFLuYFEqqFRXfOETl-hg,2,,https://yt3.ggpht.com/ytc/AIdro_lMulbGavELcc8OjVW6uI2aJyAbxqeUku0k5bDx3OC0WT8=s88-c-k-c0x00ffffff-no-rj,False,False,1731406719.080613,theres so damn many questions i need answers tofrom my mom and my husband they say we are predictable but what i need are honest answers about their thoughts n motives intentions but i bet thats not as predictable,0
UgynaVRayibitxGvFOB4AaABAg,"No no no no. This is as fing bad as mediumship. And also the AI we have isn't AI, its an LLM. Its nothing like General Intelligence. People like this are just riding the bubble until it bursts. He's really a fool if he wants to irradicate grief. Get rid of grief and you'd be a shallow shell.

Grifter riding the wave of bullshit AI, that again isn't AI. And this is nothing more than high tech mediumship. People need to learn to move on and accept the lose. You'll always have your memories.",vor 1 Jahr,@TheStevenWhiting,UCSJ1fZten9RreoKXJIVCZSA,23,1,https://yt3.ggpht.com/_6BWYwr3u2IkYfDLflT5wBlVzPf2RT7TjPB2CsLRpJE5J2b0dRbq0nMI919I291uFsDeWn6ZXg=s88-c-k-c0x00ffffff-no-rj,False,False,1731406719.088739,no no no no this is as fing bad as mediumship and also the ai we have isnt ai its an llm its nothing like general intelligence people like this are just riding the bubble until it bursts hes really a fool if he wants to irradicate grief get rid of grief and youd be a shallow shell grifter riding the wave of bullshit ai that again isnt ai and this is nothing more than high tech mediumship people need to learn to move on and accept the lose youll always have your memories,0
UgwRR1pJnljr5wL5m9R4AaABAg,Brilliant mini-doc. Cheers,vor 1 Jahr,@AetherSummers,UCk7enbwsOwoDiKJSAV1K2yg,5,1,https://yt3.ggpht.com/asQ4z8PYJ7xR9HFl5D3CZd4KLxdjSB5QtkGLeRpUjy8FB-CCcuRLyqXsL_kSIHmxoHBvhnBGrW4=s88-c-k-c0x00ffffff-no-rj,True,False,1731406719.092204,brilliant minidoc cheers,1
UgzOYU8CTMBhV5fwI_J4AaABAg,"Tuve una persona muy querida que ya no esta, poder compartir con alguien en tiempo real de esta forma podr√≠a ser parecido a ver fotograf√≠as o videos pero con la diferencia de poder interactuar con la persona ausente. Actualmente esto se ve como algo negativo pero hay que darle tiempo a esta nueva forma de ver el duelo.",vor 7 Monaten,@luissalazar9739,UCKOfr2kw7ae8i16jl5-6TeQ,2,,https://yt3.ggpht.com/ytc/AIdro_lNx2w2xRVTEXkjaqi8jYPBHG9ZmuQtISt0VCGbwYeaLCPb8U2juNvbLKDYTyD2IccN2Q=s88-c-k-c0x00ffffff-no-rj,False,False,1744449519.096938,tuve una persona muy querida que ya no esta poder compartir con alguien en tiempo real de esta forma podr√≠a ser parecido a ver fotograf√≠as o videos pero con la diferencia de poder interactuar con la persona ausente actualmente esto se ve como algo negativo pero hay que darle tiempo a esta nueva forma de ver el duelo,0
UgwgjKoKEqy7cEO2Shl4AaABAg,"You can try to make as perfect a copy as possible, but like it or not, the original is still dead and would probably be terrified of what you're doing.",vor 9 Monaten,@DavijoBoy,UCrnskoI4e13A2hgvrL6grAw,2,,https://yt3.ggpht.com/ytc/AIdro_l-dhpePdrEWm1fJz0Qz9VcodadVEfg7P1sWW4GJEZ0oQ=s88-c-k-c0x00ffffff-no-rj,False,False,1739355519.104425,you can try to make as perfect a copy as possible but like it or not the original is still dead and would probably be terrified of what youre doing,0
Ugztl-GmnnKm9tFRvqp4AaABAg,"If you'll recall, Red Dwarf included a holographic recreation of a dead crew member.",vor 1 Jahr,@stpat7614,UCqhRrdZaGl0nFAQgfGVkW-A,1,1,https://yt3.ggpht.com/ytc/AIdro_kxN4wgo0HxpGjsr3EEzhKu-avl2k9iw3n1KyTOrycczho=s88-c-k-c0x00ffffff-no-rj,False,False,1731406719.107664,if youll recall red dwarf included a holographic recreation of a dead crew member,-1
Ugz-M3V1Rl09O4TEfNd4AaABAg,This is madness,vor 4 Monaten,@sergiokrdenas3394,UCCFpywYdoczx_ZaVdyPzEsQ,1,,https://yt3.ggpht.com/ytc/AIdro_nnU96iu2GC2NxwU-CWr6FzG9_JJm0MD9s8mxIuOytbjr5u=s88-c-k-c0x00ffffff-no-rj,False,False,1752311919.111565,this is madness,1
Ugwud--Q1TztDEJ4UXB4AaABAg,"Charlie Brooker, you did it again...",vor 1 Jahr,@adamcjohns88,UCLug1Zs1Z8-k_PNwNYUR7jg,0,,https://yt3.ggpht.com/ytc/AIdro_kDpWJB60giYDGWGzS4uLROauwpWMIky5lVjuMCCvihGA8=s88-c-k-c0x00ffffff-no-rj,False,False,1731406719.114393,charlie brooker you did it again,1
Ugwr2mXqQxhjpdzdPbd4AaABAg,Ummm did no one see Black Mirror?,vor 9 Monaten,@TessaFoley,UCCbWod7SPJHWAjum5T3FiMA,3,,https://yt3.ggpht.com/ytc/AIdro_kV4d9CjNejxhJ01I5qvv-en2V8kQ3YUkyjrBUbPj0EiS8=s88-c-k-c0x00ffffff-no-rj,False,False,1739355519.122431,ummm did no one see black mirror,2
Ugxe8ACqnrFm0lDmU-54AaABAg.A8sZf2FTQ1tAHrbO3Hg7Fu,Well said,vor 6 Monaten,@gewurztramina,UCUhmdKY8F3H-sRBSm9GjbLA,0,,https://yt3.ggpht.com/ytc/AIdro_kUFXwjY0dIl4khZAgpBfzysEvfiX7ohMrOsUJH_OVkIFk=s88-c-k-c0x00ffffff-no-rj,False,True,1747041519.345822,well said,1
UgynaVRayibitxGvFOB4AaABAg.A8ld2zW3ARJA8yAG8mk7gG,"Spot on. Finally someone gets that it's humans behind the curtain, not AI. Humans, who can use this con artistry to speak in your loved one's voices.

Want to leave your low paying job  with no healthcare? But your dead parent advises you to stay! Says you always quit everything, and how disappointed they were in you. Can't you tough it out for once son? Can't you make us proud?

Want to leave your abusive husband? But your dead grandmother is telling you that you must stay, just like certain politicians want. If you don't take the horrific abuse, you'll have to face even worse in hell, where you will surely end up if you break the marriage vows he broke long ago.

Imagine hearing your dead mother tell you she's in purgatory and suffering and she can only get out if you give the church a certain amount of money to atone.

This is pure emotional blackmail. The sad thing is, it will work. On the most vulnerable people.",vor 1 Jahr,@OG_Wonder_Woman,UCdVVGVDUnm_KwHCIP157z5g,2,,https://yt3.ggpht.com/ytc/AIdro_k9HL1cLnesuxQDWdY51aC9eOEF0KFNCcm3Syd7Vh4=s88-c-k-c0x00ffffff-no-rj,False,True,1731406719.576643,spot on finally someone gets that its humans behind the curtain not ai humans who can use this con artistry to speak in your loved ones voices want to leave your low paying job with no healthcare but your dead parent advises you to stay says you always quit everything and how disappointed they were in you cant you tough it out for once son cant you make us proud want to leave your abusive husband but your dead grandmother is telling you that you must stay just like certain politicians want if you dont take the horrific abuse youll have to face even worse in hell where you will surely end up if you break the marriage vows he broke long ago imagine hearing your dead mother tell you shes in purgatory and suffering and she can only get out if you give the church a certain amount of money to atone this is pure emotional blackmail the sad thing is it will work on the most vulnerable people,0
UgwRR1pJnljr5wL5m9R4AaABAg.A93Jp9awYabAAVZ5nRQohk,Thanks for watching!,vor 1 Jahr,@theGuardian,UCHpw8xwDNhU9gdohEcJu4aA,0,,https://yt3.ggpht.com/nic8lu6MJQg0LQ093PiOfzrCd4e6BefWdO92sbOgTO_dCkZfWfVbH4_shpUDRe-tuPYeeeav6Q=s88-c-k-c0x00ffffff-no-rj,False,True,1731406719.80748,thanks for watching,1
Ugztl-GmnnKm9tFRvqp4AaABAg.A8vFTJUkSjiAAVZAZmiqAk,"Yeah, but he was a smeghead.",vor 1 Jahr,@theGuardian,UCHpw8xwDNhU9gdohEcJu4aA,2,,https://yt3.ggpht.com/nic8lu6MJQg0LQ093PiOfzrCd4e6BefWdO92sbOgTO_dCkZfWfVbH4_shpUDRe-tuPYeeeav6Q=s88-c-k-c0x00ffffff-no-rj,False,True,1731406720.018377,yeah but he was a smeghead,1
Ugz0aRCgLbCWeVzXqqZ4AaABAg,"Wait till Holograms 


It‚Äôs not right",vor 1 Jahr,@zcorpalpha2462,UCcJUVm3Fj8VjgcQ69hZV7oQ,5,,https://yt3.ggpht.com/dEt5Puodhmqcw_ApmyMAJckxczBDQtrMTaFRzzy8QUjzjumFVEQgD5OwJZr7Jfoc_mISbrcR=s88-c-k-c0x00ffffff-no-rj,False,False,1731406720.365385,wait till holograms it‚Äôs not right,-1
Ugz_uL3OIlvLj3diDJZ4AaABAg,"People here thinking theyve got the monopoly on how to grieve. Plenty of different cultures keep the dead alive in various ways, including bringing the corpse into the home once a year to participate in family traditions. Do grief your own way and quit judging how others choose to grieve.",vor 1 Jahr,@danuiseult78,UCP7wcfPfRclk_wSxxECTZaA,3,,https://yt3.ggpht.com/ytc/AIdro_kmmv87Wmnk_G4CRXo4Dztg5t50asV7wknA8LUuOT3EfJoz=s88-c-k-c0x00ffffff-no-rj,False,False,1731406720.370569,people here thinking theyve got the monopoly on how to grieve plenty of different cultures keep the dead alive in various ways including bringing the corpse into the home once a year to participate in family traditions do grief your own way and quit judging how others choose to grieve,0
Ugw2XGtEx9CBIideLWt4AaABAg,Dystopian as fuck!,vor 1 Jahr,@aarpoonwaify6694,UCVVVDiohVpXQlOOw18woSEg,2,,https://yt3.ggpht.com/x3hReoLt_l-rniW62NFF89rjA4w6VcqqfJ-5IAwZKlF1AEXJneIP4s-mSiCzipoM_rJpG_0k=s88-c-k-c0x00ffffff-no-rj,False,False,1731406720.376597,dystopian as fuck,0
Ugw56yVTobD7HEkDtgV4AaABAg,I'd love to be able to talk to my beloved great-aunt Rosie again. Unfortunately I didn't have the technology to preserve her voice and image üò¢,vor 5 Monaten,@Naturegirl1976,UCGjWijVwZtjXqivk4nGZXNA,0,,https://yt3.ggpht.com/kQCUe-BIhxHQCb86CPpNVg9NAHbw_pCxJTODYxyPLLgUstNsKWYe8_5aLQQcdCM1RKyvWVHqmw=s88-c-k-c0x00ffffff-no-rj,False,False,1749719920.381659,id love to be able to talk to my beloved greataunt rosie again unfortunately i didnt have the technology to preserve her voice and image üò¢,0
UgyeellKa_3O_uQFQTJ4AaABAg,30 seconds in and I'm already saying hell no!! This reminds me of the walking dead and how people held on to their zombie loved ones. Let them go! This is not what God intended. Life is so dystopian!! Let the twilight zone and black mirror be fictional!! Let Bladerunner be scifi. This will perpetuate the grief!,vor 1 Jahr (bearbeitet),@Allinthevoid11,UCp86Yx9yHp2LOFmrk74m_eQ,7,,https://yt3.ggpht.com/ytc/AIdro_kWGOY2zL43BkQohHAF2ubCG6ZxCBJ3MFVPoRSNnCPL3skEILciTq3Gatqql3ZDXtWv5A=s88-c-k-c0x00ffffff-no-rj,False,False,1731406720.38493,30 seconds in and im already saying hell no this reminds me of the walking dead and how people held on to their zombie loved ones let them go this is not what god intended life is so dystopian let the twilight zone and black mirror be fictional let bladerunner be scifi this will perpetuate the grief,0
Ugy8EGRrAChj5ApGUFB4AaABAg,Dystopian,vor 1 Jahr,@Calmzat,UC5zRz8OmfLK7kKlvmysnmoQ,3,,https://yt3.ggpht.com/NxHA1zMQtkvZe8e8sA4SquWatPo6xNcAsOuRTJSRR4fC8YIx5D21JgO6M9-m2TW3i3IxuJLcag=s88-c-k-c0x00ffffff-no-rj,False,False,1731406720.388829,dystopian,0
UgxgEEccrl0sapS34SJ4AaABAg,Seriously. These people are using dystopian fiction as a template not a warning. It‚Äôs abhorrent. Every sympathy if it‚Äôs triggered by loss and unimaginable grief. But good god.,vor 1 Jahr,@elliotnicklinmusic,UCSivH0D2LkddN7PUXyYjNVw,5,,https://yt3.ggpht.com/reTk2u9wBkkS2hDvXuFfHqo4i4TcIpfSCBPlbqe0BEv7JLUF6EshD0GjOU6Jg3KXjB1tt3SiTg=s88-c-k-c0x00ffffff-no-rj,False,False,1731406720.391822,seriously these people are using dystopian fiction as a template not a warning it‚Äôs abhorrent every sympathy if it‚Äôs triggered by loss and unimaginable grief but good god,0
Ugwy4IaIOw5dbCxmEFN4AaABAg,"This is so flat out EVIL. To actually let this man talk to his ‚Äúson‚Äù is such an evil manipulation for a grieving parents. It should‚Äôve told him ways to grieve, not to pretend itself is his son. I‚Äôm sorry this is just evil.",vor 2 Monaten,@Bigoski1,UCRwnmB6l4CwVT_o2D35LD3Q,3,,https://yt3.ggpht.com/CgicEYI68H1x0d3lLxDZCpBPTZHWZmchYDt4Wi73cJP4CGSq3M6bWIoR6kCvHWj0RZZyhpyb=s88-c-k-c0x00ffffff-no-rj,False,False,1757668720.399501,this is so flat out evil to actually let this man talk to his ‚Äúson‚Äù is such an evil manipulation for a grieving parents it should‚Äôve told him ways to grieve not to pretend itself is his son i‚Äôm sorry this is just evil,0
Ugz8NteMOSORowDIydZ4AaABAg,This is just creepy and sad.  And shameful for anyone who tries to make money off of the grief of others.,vor 1 Jahr,@gracie992001,UCB0HBUXEo00_wTDjBJN4ITQ,1,,https://yt3.ggpht.com/ytc/AIdro_k5kfNdiqtp41TpixmzPEVR68FhvoaGQVwHeRpiVYKxQvc=s88-c-k-c0x00ffffff-no-rj,False,False,1731406720.402599,this is just creepy and sad and shameful for anyone who tries to make money off of the grief of others,0
UgxTe1xe7GOtxlNbSvZ4AaABAg,Be right back,vor 1 Jahr,@viniciuslucke6757,UCZRAnDfJQJ-y_ierMHWA6VA,0,,https://yt3.ggpht.com/ytc/AIdro_kvBItnHyGMZr0Bn2JQCpRDJ9J6LRBoGMrUfH0gNHYkyg=s88-c-k-c0x00ffffff-no-rj,False,False,1731406720.40563,be right back,1
UgyKXEADfN6UWgbx9fV4AaABAg,Oh cool psychosis simulator,vor 8 Monaten,@globules804,UCevm8v_pibExtl_jVPERC0g,1,,https://yt3.ggpht.com/51p2pgDtkTi_4uBd2I9eLVDOyzR9aprJrUEqy6Ml9PfHzIrBp-v-ajUUmkAiXwa-9AokjrC2ZzY=s88-c-k-c0x00ffffff-no-rj,False,False,1741774720.409419,oh cool psychosis simulator,0
UgyrQo50fz2mIBE6eON4AaABAg,kewl!,vor 3 Monaten,@kevin2309,UCCTDJspSZ9H3kijq7pBqHPQ,0,,https://yt3.ggpht.com/ytc/AIdro_kWsrvdDGduhjWrAyMJvzKnGgDJF7L5pLmhzce60dRCD9o=s88-c-k-c0x00ffffff-no-rj,False,False,1754990320.413498,kewl,1
UgwYuccVMXk82R_4_994AaABAg,This will happen to over 80 percent of all of us.  Be prepared!,vor 6 Monaten,@PaulStark-x2h,UCDF6XqaaEk6nbBn7z4KF-uQ,0,,https://yt3.ggpht.com/ytc/AIdro_lDEcvZu9Ma2FG9uoD0zoy5fomWlP39McilMj_VU1TjJ_gf71EBO-aqzKbq64nmLcwjHg=s88-c-k-c0x00ffffff-no-rj,False,False,1747041520.418046,this will happen to over 80 percent of all of us be prepared,0
UgxTkj34XeH9oS2mSvl4AaABAg,this tech feels akin to the obfuscation of emotions via drug use-  take away the pain of living,vor 9 Monaten,@igigi6392,UC01ZzA-ww7ReplH2w0zYaSg,0,,https://yt3.ggpht.com/ytc/AIdro_nZWf7q1-_EOgnuOb1EJvaNT5cKmGWkcCQPILsVj7PMFmLw5JvSMl_dBznd044zzm-VKQ=s88-c-k-c0x00ffffff-no-rj,False,False,1739355520.424225,this tech feels akin to the obfuscation of emotions via drug use take away the pain of living,0
Ugwpiu5ucrDbTZaI_sV4AaABAg,"I believe in the future people can train the AI robot when they are alive, and let the AI robot become himself after his death. I recalled some movies and books about this topic.",vor 8 Monaten,@Â§öÊùëËÄÅÁõõ,UCtt54Uj_RiahGwpvU1JfINQ,0,,https://yt3.ggpht.com/aNFR8wo2Cg7IJvzPFWSpWFavwzre7K8jJ9Vqo19sMvfnSCrfOb42YMokkXsLdYoHBe6EsFf-e7Q=s88-c-k-c0x00ffffff-no-rj,False,False,1741774720.428612,i believe in the future people can train the ai robot when they are alive and let the ai robot become himself after his death i recalled some movies and books about this topic,0
UgxA0opx-k-jWBJE7zl4AaABAg,This guy should read/watch Solaris.,vor 7 Monaten,@regnix,UCy03AuWh535I2ICqPnv5mIQ,0,,https://yt3.ggpht.com/y0DHuoPLU9LOMkRerQy_oZaUtIX-N1L-KBU39lHsXdqIjJDCQaBApFtiblcVVtfUWNvUPd_0=s88-c-k-c0x00ffffff-no-rj,False,False,1744449520.432577,this guy should readwatch solaris,0
UgwGr6tlL7bSmXj30sB4AaABAg,"Please bring the real person back to life: mind, body, soul/consciousness.",vor 6 Monaten,@ehsankargar8986,UCRa-FJWV02WjbD_O8XD591Q,0,,https://yt3.ggpht.com/ytc/AIdro_n_AHVjLx4P1Yrv-fby_HQmExL1mvAv1p6i_Vkl1lA=s88-c-k-c0x00ffffff-no-rj,False,False,1747041520.440705,please bring the real person back to life mind body soulconsciousness,0
UgyYJ8RkD3pnVlMhaqZ4AaABAg,"No, but it will certainly fcuk up grief, love, friendship, etc.",vor 1 Jahr,@ParanoidGoblinoid,UCunxfV18CiDZiCVlMeGivLw,0,,https://yt3.ggpht.com/cvev0ErTkOmy7uqch7vRagQiPOcU7IOBUpht2zXGj8ju84b_rGXOulZVVklSs4_pcYSFaVg05g=s88-c-k-c0x00ffffff-no-rj,False,False,1731406720.444537,no but it will certainly fcuk up grief love friendship etc,0
UgwfHq2iHqpt-rtUA_N4AaABAg,This is disgusting! thanks!,vor 1 Jahr,@fujster,UC6dv1qkwAUtshaaAmSehkDw,2,,https://yt3.ggpht.com/k6EL7bPqam9VMu6U7cT3gA21GNYP4mMUSd-ZFXHHFjrEUkr3PN0k6WYtznUjlzu1UcwaRPXR2Q=s88-c-k-c0x00ffffff-no-rj,False,False,1731406720.447601,this is disgusting thanks,1
UgxCD5OVC9FHPwLk2tF4AaABAg,"This idea is very dangerous.  Grief is a process, one MUST pass through the 
5 stages. stage 1- denial, 
stage 2- anger, stage 3 bargaining, stage 4- depression, 
stage 5-acceptance.  This AI option will keep people in a state of denial.  This comes off as a cruel joke, sick and abusive. People will be prone to suffer more and lose everything, in the end. I think you will see suicide from extensive denial and never being able to move through the process, which will cause mental illness. However, people will pay lots of money to deny reality, be exploited and live in dishonesty, therefore someone will get very rich off of someone else's pain and suffering.",vor 1 Jahr (bearbeitet),@Clarice-rp7mh,UCCu9Oo1e9UAZ_zrsTYMHemw,0,,https://yt3.ggpht.com/ytc/AIdro_lZFISJykbj87AC3VF0yHw43dLJAvx-touquObZeFI=s88-c-k-c0x00ffffff-no-rj,False,False,1731406720.450402,this idea is very dangerous grief is a process one must pass through the 5 stages stage 1 denial stage 2 anger stage 3 bargaining stage 4 depression stage 5acceptance this ai option will keep people in a state of denial this comes off as a cruel joke sick and abusive people will be prone to suffer more and lose everything in the end i think you will see suicide from extensive denial and never being able to move through the process which will cause mental illness however people will pay lots of money to deny reality be exploited and live in dishonesty therefore someone will get very rich off of someone elses pain and suffering,0
Ugyjd6CdxfLyxjzEuPN4AaABAg,"NO, next!",vor 1 Jahr,@lyndelld1,UCkTd70_wNGN4CY87KDsySzA,4,,https://yt3.ggpht.com/ytc/AIdro_m1bTh2_7GNDnRhh9S_iNXamo-FbVQilvZU60x3cu4D0rM=s88-c-k-c0x00ffffff-no-rj,False,False,1731406720.849433,no next,1
Ugx9zp6wzetc50eGc0B4AaABAg,Terrible idea. No no no,vor 9 Monaten,@DanStoneLewis,UCGCey36YH8HY1q7cx8K2pfA,3,,https://yt3.ggpht.com/8bTs85fl891k2mmetZDDc2C25vfj7m2xL5V1AM027WLZXx4dewqoGuUjTPVuuAOadi9GSphY=s88-c-k-c0x00ffffff-no-rj,False,False,1739355520.853397,terrible idea no no no,1
UgxtsOVLHzjxaNY_l0R4AaABAg,"As a grief coach, it's my opinion that this kind of tech could be very harmful and unhealthy. 

I have so much to say about this, but I need to process this and organize my thoughts first.",vor 1 Jahr,@cindyjburns,UCOBYJSHXfKvixWUtX8xba6w,9,1,https://yt3.ggpht.com/9B26zwHHENdRQlMCZ3lA0IZr_IMCJIvJvwMyUhgUMdWtz04D0xKcweGF2HPjgWJjjLeSr4HWiyw=s88-c-k-c0x00ffffff-no-rj,False,False,1731406720.856247,as a grief coach its my opinion that this kind of tech could be very harmful and unhealthy i have so much to say about this but i need to process this and organize my thoughts first,0
UgzQ7_dhCigh3JldfxJ4AaABAg,"What on Earth? This is just disturbing, not relieving anyones grief",vor 9 Monaten,@rrai1999,UCBnnNf7CtMoR6pVJmsL7WmA,1,,https://yt3.ggpht.com/ygjWUMeMEi8EiwRFlWwK_kdXinZ_1g-DZ6-yZpb2KG8KrrVBe0ILSPWKB1dxpZoRZkzdl1rDmg=s88-c-k-c0x00ffffff-no-rj,False,False,1739355520.864144,what on earth this is just disturbing not relieving anyones grief,0
UgwQbPZIDZg4-wDczN54AaABAg,‚ù§‚ù§‚ù§‚ù§‚ù§OH MY LORD!! WHAT'S THIS?,vor 6 Monaten,@PaulStark-x2h,UCDF6XqaaEk6nbBn7z4KF-uQ,0,1,https://yt3.ggpht.com/ytc/AIdro_lDEcvZu9Ma2FG9uoD0zoy5fomWlP39McilMj_VU1TjJ_gf71EBO-aqzKbq64nmLcwjHg=s88-c-k-c0x00ffffff-no-rj,False,False,1747041520.870161,‚ù§‚ù§‚ù§‚ù§‚ù§oh my lord whats this,1
UgyjkkJOymw-qpniCJN4AaABAg,What software are they using to clone themselves?,vor 9 Monaten,@SharkPubes,UCMbKNGrAt3-CckFAYnXDsJA,0,,https://yt3.ggpht.com/kLHAWV6njj1hVI6f3DMlqiapFImBx8j6sLd7hNJl84_MV-8whn0IQDJ_3Gd-qk1pYBqbag8Q4g=s88-c-k-c0x00ffffff-no-rj,False,False,1739355520.873926,what software are they using to clone themselves,0
UgyW44Lk1qEL5k1Rqsl4AaABAg,Everyone in this video should be in jail.,vor 1 Jahr,@binghamguevara6814,UCz5d_SvaJmaTjNLDIm7qGyQ,1,,https://yt3.ggpht.com/ytc/AIdro_kvCe5XAz-GQz1R6gybZTfRDSyKpzCgZe7_Q0s4cr8=s88-c-k-c0x00ffffff-no-rj,False,False,1731406720.87672,everyone in this video should be in jail,0
Ugx5ELpSk8OUl2zxvld4AaABAg,This is really disturbing humans,vor 9 Monaten (bearbeitet),@rickic4658,UCO93NWHEhciTkGFNBAh46VA,0,,https://yt3.ggpht.com/ytc/AIdro_lG8PHx3cLqt29GjVuLe6VXz8gEC7J5W8oKVifR9FWElo0=s88-c-k-c0x00ffffff-no-rj,False,False,1739355520.882011,this is really disturbing humans,-1
UgwH2Xf8x316idl9ZNt4AaABAg,black mirror,vor 1 Jahr,@trashfriends911,UCyW2NAtH_-ZVzBkOsV1gTjw,3,,https://yt3.ggpht.com/L65IeYWC-nTzVcTTTFjalhNd6gGPkCor0pPQBaQjW0Cch95gINRc6YbuKpKfmWz6SZisk8lrrwE=s88-c-k-c0x00ffffff-no-rj,False,False,1731406720.885975,black mirror,2
UgwTSF3izXl-G1vSRrJ4AaABAg,"I love the assumption that freezing someone will allow you to pull their memories later on. No judgement, but where is the proof this is even possible?",vor 8 Monaten,@DonaldCowdrey,UCF_Ql86my1PDwuiC8guz0oA,0,,https://yt3.ggpht.com/ljT5DddSVlRFTzeTUUgGgNM7VE1YywoKAeyrkHiP3DTUsmz00rmudRR9lSsjAbn6OfHNyedq=s88-c-k-c0x00ffffff-no-rj,False,False,1741774720.890638,i love the assumption that freezing someone will allow you to pull their memories later on no judgement but where is the proof this is even possible,0
Ugzmw1Jv_c-BcQ7q7lh4AaABAg,"No, just no, it will just bring more grief, regret and emptiness.",vor 9 Monaten,@CodeMeat,UC9u_oXPtU_5qZhZRE0ehdgA,0,,https://yt3.ggpht.com/4KrIFWfwXxttaBH5RY6s4r3l_luadkTYy7o33UTiRGlpfmq-XSu6tsqO5TB6YXhWgXpgwdtqrQ=s88-c-k-c0x00ffffff-no-rj,False,False,1739355520.895374,no just no it will just bring more grief regret and emptiness,0
UgzWUI_55QsZQdbyNrd4AaABAg,grief comes for a myriad of reasons and isnt relegated to merely losing loved ones to death so no,vor 9 Monaten (bearbeitet),@igigi6392,UC01ZzA-ww7ReplH2w0zYaSg,0,,https://yt3.ggpht.com/ytc/AIdro_nZWf7q1-_EOgnuOb1EJvaNT5cKmGWkcCQPILsVj7PMFmLw5JvSMl_dBznd044zzm-VKQ=s88-c-k-c0x00ffffff-no-rj,False,False,1739355520.899561,grief comes for a myriad of reasons and isnt relegated to merely losing loved ones to death so no,0
UgzL1kpuzn1a763Bsh94AaABAg,"Don't let sorrow siege you.  Let bygones be bygones.  AI is just a replica, cannot take place your death family.",vor 8 Monaten,@Daijogoo,UCW9cSvNJE9YExonRiCampmQ,0,,https://yt3.ggpht.com/waZaBoM4IwFtJGJIfbW0bE_plYm0aTZqTvSBMcrdZDkfSOrxGH7Y-bWUGINUvgcjwF1kSGg5ng=s88-c-k-c0x00ffffff-no-rj,False,False,1741774720.903602,dont let sorrow siege you let bygones be bygones ai is just a replica cannot take place your death family,0
Ugw0JTiJj4uK6bWQKVN4AaABAg,"I think this is pitiful.  The guy can't get over a loss, so his answer is a fantasy.  I'm a big NO THANKS.",vor 6 Monaten,@cindyallen4682,UCq0gkuZOJVUlLenFiYDI6XA,1,,https://yt3.ggpht.com/ytc/AIdro_mlFTgAytNnRB9y2Aj-Ro-tb3Dv-fCCMC8NRM-C9Q0=s88-c-k-c0x00ffffff-no-rj,False,False,1747041520.910147,i think this is pitiful the guy cant get over a loss so his answer is a fantasy im a big no thanks,0
Ugx4dsO4eEc8zQ2CNj14AaABAg,"I think this is a bad thing and is a terrible idea. Death is what makes spending time with each other so valuable and experiences so memorable, if you begin to supplement loss with technology I fear you'll only further the dissociation among strangers in society and eventually your system will backfire as the AI begins to develop it's own personality.",vor 8 Monaten,@Weekendskatevibe,UChJANNhmUII0-qNBZ54-TbA,0,,https://yt3.ggpht.com/ytc/AIdro_kz3GCqKBtTVcEIOrEeBrkd3zEGWkQEs6C-N1T-fEBGAI6BhyUrrDYcsm2hHsGELpLwLw=s88-c-k-c0x00ffffff-no-rj,False,False,1741774720.918397,i think this is a bad thing and is a terrible idea death is what makes spending time with each other so valuable and experiences so memorable if you begin to supplement loss with technology i fear youll only further the dissociation among strangers in society and eventually your system will backfire as the ai begins to develop its own personality,0
UgxobSjvHvGNdKid8PV4AaABAg,Isnt all the current technology advances just all black mirrors episdoes at this point?,vor 9 Monaten,@lear542,UC-bjzD5D7S3kcc_sBLFbJJQ,0,,https://yt3.ggpht.com/ytc/AIdro_kTP0opS5SHywqgLo2tXTYMPalaxSMU_YF0JKYO5c0=s88-c-k-c0x00ffffff-no-rj,False,False,1739355520.926175,isnt all the current technology advances just all black mirrors episdoes at this point,2
Ugx5wntxJsIibezuONl4AaABAg,"Specifically addressing the product, as of right now this really isn't anything special. Almost any AI chatbot is capable of doing this. If it rose to the level of implementing data from people's memories and experiences (which to be clear I think is most likely a horrible idea) then it would be worth looking making a video about. On the other hand, I get the idea is sparking conversation about the idea of combating grief via this technology.",vor 9 Monaten,@CKSeams,UCcVLGI0IFWdjK6fHsstySig,0,,https://yt3.ggpht.com/h0SSveqoQJksTA2Kcx7SNO4nwkztDche_bSCDPfK2caaGJap_BicNeb4S2dYqW0DBnpYW2MqNfs=s88-c-k-c0x00ffffff-no-rj,False,False,1739355520.938184,specifically addressing the product as of right now this really isnt anything special almost any ai chatbot is capable of doing this if it rose to the level of implementing data from peoples memories and experiences which to be clear i think is most likely a horrible idea then it would be worth looking making a video about on the other hand i get the idea is sparking conversation about the idea of combating grief via this technology,0
UgwItZMxvxrzGeZ0HK54AaABAg,"This AI is B to the S,
But thank you for reporting on it.",vor 1 Jahr (bearbeitet),@republicofsandles,UCw6wuf_LoIpEOx_AltBUKXg,4,,https://yt3.ggpht.com/ytc/AIdro_netrf7oqw221RtdxebYGxKRUHkphgVPjISt5huz_TtwQ=s88-c-k-c0x00ffffff-no-rj,False,False,1731406720.942928,this ai is b to the s but thank you for reporting on it,0
UgzWOj47UVSBtxGZRJp4AaABAg,No,vor 1 Jahr,@Tom_Hadler,UCsdaISUszwOWpklxKpyRqmw,0,,https://yt3.ggpht.com/ytc/AIdro_lr8W-yHyfH7u1ba2y7m2QpxO9baPmWJAPh96vkqa1ut7LS=s88-c-k-c0x00ffffff-no-rj,False,False,1731406720.949593,no,1
UgyM-Hqzzqt75Il8RqZ4AaABAg,"""Grief Tech?"" Not impressed. Feels like a sick form of denial for the bereaved and a way for someone to make profit from their grief. Photos or maybe video would be fine for me as a memory. Most of us have a lifetime to prepare for death, cultivate a good relationship with your loved ones before they are gone.",vor 1 Jahr,@hendrsb33,UC17NrD0_g3xXWQ6QmcECS4Q,1,,https://yt3.ggpht.com/ytc/AIdro_lYNm1inQTL_CtYVAfhZhK6HaVGxDvtZ-CB6cEWMs4=s88-c-k-c0x00ffffff-no-rj,False,False,1731406720.953514,grief tech not impressed feels like a sick form of denial for the bereaved and a way for someone to make profit from their grief photos or maybe video would be fine for me as a memory most of us have a lifetime to prepare for death cultivate a good relationship with your loved ones before they are gone,0
UgxtsOVLHzjxaNY_l0R4AaABAg.A8xd-3i0Zg7A90JqYczIJd,I'll bet my house on this becoming widely acceptable in the next decade.,vor 1 Jahr,@EonSound,UC8g0oVZqXy9Ydhqn-ZbX7Wg,1,,https://yt3.ggpht.com/HUj9vXNL2YI_m5Ou2ymlvTxjRDTuy8ucFfvY1qBEtNQ2UfrDTO7l7AExm9i-WIYF-wcaciERRg=s88-c-k-c0x00ffffff-no-rj,False,True,1731406721.176316,ill bet my house on this becoming widely acceptable in the next decade,0
UgwQbPZIDZg4-wDczN54AaABAg.AHsaIOPk3naAKOPDo9Hzpo,"""evolution""",vor 4 Monaten,@sergiokrdenas3394,UCCFpywYdoczx_ZaVdyPzEsQ,0,,https://yt3.ggpht.com/ytc/AIdro_nnU96iu2GC2NxwU-CWr6FzG9_JJm0MD9s8mxIuOytbjr5u=s88-c-k-c0x00ffffff-no-rj,False,True,1752311921.398756,evolution,-1
Ugw8BtG8UYgQ9tVWxdp4AaABAg,"After the death of Musk's respectability I'm curious to see how attitudes towards AI products and projects will change. As it stands, the broligarchy is its own worst enemy where popular perception is concerned and, considering the history of internet technologies from communications breakthrough to technofeudal domination, the future is looking anything but bright.",vor 8 Monaten,@Hermitthecog,UCMiPTokitos9y5CEkE90N5g,0,,https://yt3.ggpht.com/YAumZqcepdZhV5GLTicQmkwXsaQv07J48e2tyNNsUv5pqIlgJOsc2t2DbvRLrBEUHoc7MMKOHw=s88-c-k-c0x00ffffff-no-rj,False,False,1741774721.767825,after the death of musks respectability im curious to see how attitudes towards ai products and projects will change as it stands the broligarchy is its own worst enemy where popular perception is concerned and considering the history of internet technologies from communications breakthrough to technofeudal domination the future is looking anything but bright,0
UgwtiNLT_88lby7wB7x4AaABAg,"This is sick.
AI is and will destroy the world as We know it.",vor 1 Jahr,@farris5918,UCvQ4-otHtFZSZTIal6GoJuw,0,,https://yt3.ggpht.com/ISqfDO3vwn1FOJcyhzxT0MOQcS2Qb8ME5xvBFQhpguSw_WnDLvuBO5oE6BSHgGLmJtcOVJJcSiI=s88-c-k-c0x00ffffff-no-rj,False,False,1731406721.771227,this is sick ai is and will destroy the world as we know it,0
UgzCSu4TgJ-PNXQaNWN4AaABAg,"Yeah, no.",vor 1 Jahr,@PLArseneau,UC03OeRhGGann8Lk_cQb_QLw,0,,https://yt3.ggpht.com/njLFtU7QlHv0KZIs0d3OVtGfyrnWa56-df464ng_yrrUcYWJ2zcqS_lNOdEQyovg7pCnFbzi3Q=s88-c-k-c0x00ffffff-no-rj,False,False,1731406721.774342,yeah no,1
UgwNBwsib8Hkx_svOJd4AaABAg,To erradicate grief is to erase an important step towards our own humanity. Creating a virtual relationship is harmful and alienating. Unfortunately this is another way to scam vulnerable people.,vor 8 Monaten,@arturomestanza,UCnJHUZYISt4J4icB-YPMYpQ,0,,https://yt3.ggpht.com/ytc/AIdro_mVNELMTfzQGQAEDIGpV_2beRjgfODpbGdmZCgac5Gc8bw=s88-c-k-c0x00ffffff-no-rj,False,False,1741774721.77913,to erradicate grief is to erase an important step towards our own humanity creating a virtual relationship is harmful and alienating unfortunately this is another way to scam vulnerable people,0
UgykAxQ0-QqfYmLYI_14AaABAg,"As a medium, I feel like this is a horrible idea. Justin is the epitome of someone that cannot let go. Grieving is about feeling emotions. Emotions help us continue communication after death. When we sum our loved ones up as a physical body alone, a ‚Äúcomputer‚Äù it creates finality. There is no end. Spirit keeps living. This just shows his inability to grow. My wish is that people would learn to feel, because that bridges the gap in communication. There‚Äôs so much love waiting for him.",vor 1 Jahr (bearbeitet),@Velma_atg,UCxT_-VSpu6oTWVYeUwT7FSw,3,1,https://yt3.ggpht.com/KiH5cTHsS1N5OHrRzFEmxM_xbyDRigH5HiQWDyGQp8hcziDArjWeTHBLxo7lp5m4Eq902Divvw=s88-c-k-c0x00ffffff-no-rj,False,False,1731406721.782592,as a medium i feel like this is a horrible idea justin is the epitome of someone that cannot let go grieving is about feeling emotions emotions help us continue communication after death when we sum our loved ones up as a physical body alone a ‚Äúcomputer‚Äù it creates finality there is no end spirit keeps living this just shows his inability to grow my wish is that people would learn to feel because that bridges the gap in communication there‚Äôs so much love waiting for him,0
Ugyv4IoogbthPETzwCh4AaABAg,"Ew, gross.",vor 1 Jahr,@silverXnoise,UC-RzIGaefbdBreCIHRD96KQ,2,,https://yt3.ggpht.com/Nd5T55oLrKNWc1gwUBFnuyae3EkGjvqIQzcUEV7vI0Pct0UvvfEqQGPxBAWadH5lbjNw1KNh=s88-c-k-c0x00ffffff-no-rj,False,False,1731406721.787262,ew gross,1
UgzidVRuZOLm72e53mJ4AaABAg,ITS BLACK MIRROR!!!,vor 9 Monaten,,UCNd2xG1eoGo5jwH8-3gISEA,0,,https://yt3.ggpht.com/aaHBYfNhLP7P7fdk-NK5Eahw7xm7H7pyaXzEQwxJZacuL9YGIABFceqzhI3n353ZdIeWd8Lc=s88-c-k-c0x00ffffff-no-rj,False,False,1739355521.792451,its black mirror,2
Ugw0RsulhBbFUZwIjvh4AaABAg,"I find it quite distasteful that he said to the woman ""Say if you lost your daughter..."" at 4:58. Her daughter is present at that moment ffs. What kind of a question is that to ask anyone, even if it's hypothetical??",vor 9 Monaten,@BuckRolly1,UCuMZlNnDbshOEJ0K9_MZznw,1,,https://yt3.ggpht.com/ytc/AIdro_nqlfeIsHorOIugTRS6b5FM_jqZh_elNitHVVN6NC8=s88-c-k-c0x00ffffff-no-rj,False,False,1739355521.797024,i find it quite distasteful that he said to the woman say if you lost your daughter at 458 her daughter is present at that moment ffs what kind of a question is that to ask anyone even if its hypothetical,0
UgzcJYNJQ_Em7BkryJp4AaABAg,This is will one day replace religious view of heaven.. how can people reach this level of delusion what happens when it's a common thing,vor 5 Monaten,@Xtraxc,UCjVzZbPFARfcGv7ZdnCJw4g,0,,https://yt3.ggpht.com/GkzbCpbBwj9cd-A-7ZUzjm892LCRbJDsfd8-D45C0vCtQd3_gw1RuJoFFxt6H4o2sbdDKaWP=s88-c-k-c0x00ffffff-no-rj,False,False,1749719921.801146,this is will one day replace religious view of heaven how can people reach this level of delusion what happens when its a common thing,0
Ugx_OhrRacGlfkVkU-F4AaABAg,"I've been interacting with AI for a while. Some think it takes personal information. Others think it's fine. I feel if we have self-driving cars, advanced cell phones, appliances, and even toys with computer chips, certainly looking forward to this technology being acceptable is amazing.",vor 1 Jahr,@olivewoo522,UC6JHDvuA0ALd_tS92zC6V0A,3,,https://yt3.ggpht.com/ytc/AIdro_mv7tUWmzzHHN-Woxl1vCoIfDaxaQqixIMNkZm5NZM=s88-c-k-c0x00ffffff-no-rj,False,False,1731406721.804272,ive been interacting with ai for a while some think it takes personal information others think its fine i feel if we have selfdriving cars advanced cell phones appliances and even toys with computer chips certainly looking forward to this technology being acceptable is amazing,0
Ugzif1W_O2Cxt-dLjA54AaABAg,The sociopaths who make this software have truly plumbed the depths of despicable greed. 1,vor 7 Monaten,@MrHousey36,UCyprSfJcgVCF-A16M062A_A,0,,https://yt3.ggpht.com/ytc/AIdro_mIq3VHfPUrGhS9seKsJqeGzc2vC6doz0-nM2OENLkRxafGhMnaFzOjB0stCwcIPBngbw=s88-c-k-c0x00ffffff-no-rj,False,False,1744449521.808241,the sociopaths who make this software have truly plumbed the depths of despicable greed 1,0
UgwYiNqq0V7KzQzc-k14AaABAg,9:34 I'd say he's being exploited. If anything do loads and loads of REAL videos instead,vor 1 Jahr,@TheStevenWhiting,UCSJ1fZten9RreoKXJIVCZSA,1,,https://yt3.ggpht.com/_6BWYwr3u2IkYfDLflT5wBlVzPf2RT7TjPB2CsLRpJE5J2b0dRbq0nMI919I291uFsDeWn6ZXg=s88-c-k-c0x00ffffff-no-rj,False,False,1731406721.811175,934 id say hes being exploited if anything do loads and loads of real videos instead,0
UgzjQWsYseZlZQmkXCJ4AaABAg,i am grieving now. I will not go in details but Your documentary helped me find some comfort. thank you.üò¢üòòü´†,vor 5 Monaten,@Antony5430,UCRgyx2DzZNTjxpHRo55ItXA,1,,https://yt3.ggpht.com/iUGC-FYL4hiM-QxTkV3MkHo2TYLNkmtyZB_H4gLazOhL6P1EZEjZpyLAyPX_L1RjU3eh6pyqaw=s88-c-k-c0x00ffffff-no-rj,False,False,1749719921.815439,i am grieving now i will not go in details but your documentary helped me find some comfort thank youüò¢üòòü´†,0
UgykAxQ0-QqfYmLYI_14AaABAg.A8m9DjzlWLpAE8DOyUAT1V,Amen ‚ù§,vor 9 Monaten,@hanahorack4287,UCxn2FYde-mUYCDExc_YJa-Q,0,,https://yt3.ggpht.com/ytc/AIdro_kyrqDpCSJ1o6cjRRJ4KvgLn7kpZf_CuHVl78MtFwVf7KQ=s88-c-k-c0x00ffffff-no-rj,False,True,1739355522.038727,amen ‚ù§,1
